TRUNCATE TABLE approve_information_resources cascade;
TRUNCATE TABLE info_res_type_data_rate cascade;
TRUNCATE TABLE information_resources_type cascade;
TRUNCATE TABLE metadata_field cascade;
TRUNCATE TABLE metadata_manage cascade;
TRUNCATE TABLE feedback_file cascade;
TRUNCATE TABLE feedback_information cascade;
TRUNCATE TABLE operate_log cascade;
TRUNCATE TABLE option_info cascade;
TRUNCATE TABLE receive_department cascade;
TRUNCATE TABLE relation_info cascade;
TRUNCATE TABLE resources_list_favorite cascade;
TRUNCATE TABLE statemachine_context cascade;
TRUNCATE TABLE sys_dict cascade;
TRUNCATE TABLE sys_dict_type cascade;
TRUNCATE TABLE feedback_reply cascade;
TRUNCATE TABLE information_resources cascade;
TRUNCATE TABLE metadata_field_value cascade;
TRUNCATE TABLE notification_information cascade;
TRUNCATE TABLE notification_read cascade;
DROP TABLE IF EXISTS sort_code_management;

INSERT INTO "public"."info_res_type_data_rate" ("rate_code","info_res_type_code","rate_compose","rate_figure","rate_name","rate_order") VALUES ('17bb6d9962f02000', '17aed2b77d102000', '17acf3413ee02000', '17acf398a6e02000', '类', 1),('17bb6d9962f02001', '17aed2b77d102000', '17acf33f12602000', '17acf39a6ce02000', '项', 2),('17bb6d9962f02002', '17aed2b77d102000', '17acf33f12602000', '17acf39a6ce02000', '目', 3),('17bb6d9962f02003', '17aed2b77d102000', '17acf33f12602000', '17acf39a6ce02000', '细目', 4);

INSERT INTO "public"."information_resources_type" ("info_res_type_code","data_rate","info_res_type_desc","create_time","info_res_type_disable","info_res_type_name","metadata_code","update_time") VALUES ('17aed2b77d102000', '17acf32156602000', '说明政务信息资源分类方式及其响应的分类信息。', NULL, 0, '信息资源分类', '17aed2b77d102000', 1632468922464);

INSERT INTO "public"."metadata_field" ("metadata_field_code","metadata_code","metadata_field_name","metadata_field_type","metadata_hide","metadata_field_order") VALUES ('e849ae31c30f1c54', '6', '信息项名称', '17acf36c73202000', 0, 1),('52c529505d26fa1c', '6', '数据类型', '17acf37138702000', 0, 2),('948b1824d3ab0fa6', '5', '更新周期', '17acf37138702000', 0, 0),('358e9c8a97ca5370', '4', '是否对社会开放', '17acf37138702000', 0, 1),('5bcf42a5556b23ab', '4', '开放条件', '17acf36e61e02000', 1, 2),('472ee60cd8be3e2f', '3', '共享类型', '17acf37138702000', 0, 1),('95ed9e0e960d227e', '3', '使用要求', '17acf372c6102000', 1, 4),('6ce3589959032786', '3', '共享范围', '17acf36e61e02000', 1, 4),('f769f43de4bc430a', '3', '共享条件', '17acf36e61e02000', 1, 6),('82704a8e11c0e9af', '3', '共享方式', '17acf372c6102000', 1, 6),('3161d52967b5abae', '3', '不予共享依据', '17acf36c73202000', 1, 6),('a369dcd14a32e9af', '2', '信息资源摘要', '17acf36e61e02000', 0, 0),('19fa6e8425acc678', '1', '信息资源名称', '17acf36c73202000', 0, 0);

INSERT INTO "public"."metadata_manage" ("metadata_code","create_time","inlay_disabled","metadata_data_type","metadata_desc","metadata_disabled","metadata_name","metadata_required","metadata_type") VALUES ('6', 1632468657325, 1, '17acf3607a202000', '对结构化信息资源的细化描述。', 0, '信息项信息', 1, '17ad358f4d802000'),('5', 1632468672621, 1, '17acf358a2202000', '信息资源更新的频度。', 0, '更新周期', 1, '17ad3589f3402000'),('4', 1632468682077, 1, '17acf3607a202000', '对政务信息资源向社会开放，以及开放条件的描述，包括是否向社会开放、开放条件。', 0, '开放属性', 1, '17ad358f6b902000'),('3', 1632468687830, 1, '17acf3607a202000', '对政务信息资源共享类型和条件的描述，包括共享类型、共享条件、共享方式。', 0, '共享属性', 1, '17ad358f0eb02000'),('2', 1632468723117, 1, '17acf35478d02000', '对信息资源内容进行概要说明的文字。', 0, '信息资源摘要', 1, '17ad358f87f02000'),('1', 1632468730069, 1, '17acf352c7d02000', '缩略描述政务信息资源内容的标题。', 0, '信息资源名称', 1, '17ad358f31202000'),('17aed2b77d102000', 1632468922461, 1, '17acf35e20902000', '说明政务信息资源分类方式及其响应的分类信息。', 0, '信息资源分类', 1, '17ad358eeb302000');

INSERT INTO "public"."operate_log" ("operate_log_code","create_time","data_code","data_json","operate_code","operator_id","operator_name") VALUES ('17bb5afb45c02000', 1632449400462, '17bb5afaf1902000', NULL, '17b352c20b802000', 'd4ba227f-593a-4f0a-ae68-2b28986ade16', 'root管理员'),('17bb610ddb602000', 1632455768040, '17bb610ddac02000', NULL, '17b352c20b802000', 'd4ba227f-593a-4f0a-ae68-2b28986ade16', 'root管理员'),('17bb613291602000', 1632455918408, '17bb613291402000', '{"infoResTypeCode":"3de4c3d2c887011c","metadataCode":"17aed2b77d102000","dataRate":"17acf32156602000","infoResTypeDesc":"说明政务信息资源分类方式及其响应的分类信息。","infoResTypeDisable":0,"infoResTypeName":"信息资源分类","resTypeDataRates":[{"rateCompose":"17acf33f12602000","rateFigure":"17acf39a6ce02000","rateName":"类","rateOrder":1},{"rateCompose":"17acf33f12602000","rateFigure":"17acf39a6ce02000","rateName":"项","rateOrder":2},{"rateCompose":"17acf33f12602000","rateFigure":"17acf39a6ce02000","rateName":"目","rateOrder":3},{"rateCompose":"17acf33f12602000","rateFigure":"17acf39a6ce02000","rateName":"细目","rateOrder":4}]}', '17b352c20b802000', 'd4ba227f-593a-4f0a-ae68-2b28986ade16', 'root管理员'),('17bb613291c02000', 1632455918414, '17bb613291b02000', '{"metadataCode":"17aed2b77d102000","metadataDataType":"17acf35e20902000","metadataDisabled":0,"metadataName":"信息资源分类","metadataType":"17ad358eeb302000","inlayDisabled":1,"metadataDesc":"说明政务信息资源分类方式及其响应的分类信息。","metadataRequired":1,"createTime":1632455918408,"fields":null}', '17b352c20b802000', 'd4ba227f-593a-4f0a-ae68-2b28986ade16', 'root管理员'),('17bb6145d9402000', 1632455997382, '17bb6145d8902000', NULL, '17b352c20b802000', 'd4ba227f-593a-4f0a-ae68-2b28986ade16', 'root管理员'),('17bb6ab1c0e02000', 1632465876544, '17bb6ab1c0402000', NULL, '17b352c20b802000', 'd4ba227f-593a-4f0a-ae68-2b28986ade16', 'root管理员'),('17bb6ab9f4002000', 1632465910130, '17bb6ab9f3602000', NULL, '17b352c20b802000', 'd4ba227f-593a-4f0a-ae68-2b28986ade16', 'root管理员'),('17bb6acc42d02000', 1632465985119, '17bb6acc42402000', NULL, '17b352c20b802000', 'd4ba227f-593a-4f0a-ae68-2b28986ade16', 'root管理员'),('17bb6afee8d02000', 1632466192575, '17bb6afee8202000', NULL, '17b352c20b802000', 'd4ba227f-593a-4f0a-ae68-2b28986ade16', 'root管理员'),('17bb6cf3a3d02000', 1632468243567, '17bb6cf3a3402000', NULL, '17b352c20b802000', 'd4ba227f-593a-4f0a-ae68-2b28986ade16', 'root管理员'),('17bb6d5364a02000', 1632468635772, '17bb6d5363f02000', NULL, '17b352c20b802000', 'd4ba227f-593a-4f0a-ae68-2b28986ade16', 'root管理员'),('17bb6d584bc02000', 1632468655854, '17bb6d584b202000', NULL, '17b352c20b802000', 'd4ba227f-593a-4f0a-ae68-2b28986ade16', 'root管理员'),('17bb6d5c07d02000', 1632468671151, '17bb6d5c07402000', NULL, '17b352c20b802000', 'd4ba227f-593a-4f0a-ae68-2b28986ade16', 'root管理员'),('17bb6d5e56f02000', 1632468680609, '17bb6d5e56502000', NULL, '17b352c20b802000', 'd4ba227f-593a-4f0a-ae68-2b28986ade16', 'root管理员'),('17bb6d5fbe702000', 1632468686361, '17bb6d5fbdd02000', NULL, '17b352c20b802000', 'd4ba227f-593a-4f0a-ae68-2b28986ade16', 'root管理员'),('17bb6d6526b02000', 1632468708509, '17bb6d6526a02000', '{"infoResTypeCode":"a6099cf8a5d80361","metadataCode":"17aed2b77d102000","dataRate":"17acf32156602000","infoResTypeDesc":"说明政务信息资源分类方式及其响应的分类信息。","infoResTypeDisable":1,"infoResTypeName":"信息资源分类","resTypeDataRates":[{"rateCompose":"17acf33f12602000","rateFigure":"17acf398a6e02000","rateName":"类","rateOrder":1},{"rateCompose":"17acf33f12602000","rateFigure":"17acf39a6ce02000","rateName":"项","rateOrder":2},{"rateCompose":"17acf33f12602000","rateFigure":"17acf39a6ce02000","rateName":"目","rateOrder":3},{"rateCompose":"17acf33f12602000","rateFigure":"17acf39a6ce02000","rateName":"细目","rateOrder":4}]}', '17b352c20b802000', 'd4ba227f-593a-4f0a-ae68-2b28986ade16', 'root管理员'),('17bb6d6526e02000', 1632468708512, '17bb6d6526d02000', '{"metadataCode":"17aed2b77d102000","metadataDataType":"17acf35e20902000","metadataDisabled":1,"metadataName":"信息资源分类","metadataType":"17ad358eeb302000","inlayDisabled":1,"metadataDesc":"说明政务信息资源分类方式及其响应的分类信息。","metadataRequired":1,"createTime":1632468708509,"fields":null}', '17b352c20b802000', 'd4ba227f-593a-4f0a-ae68-2b28986ade16', 'root管理员'),('17bb6d685be02000', 1632468721648, '17bb6d685b302000', NULL, '17b352c20b802000', 'd4ba227f-593a-4f0a-ae68-2b28986ade16', 'root管理员'),('17bb6d6a0e702000', 1632468728601, '17bb6d6a0dc02000', NULL, '17b352c20b802000', 'd4ba227f-593a-4f0a-ae68-2b28986ade16', 'root管理员'),('17bb6d9962b02001', 1632468922461, '17bb6d9962b02000', '{"infoResTypeCode":"c922dd688f250fca","metadataCode":"17aed2b77d102000","dataRate":"17acf32156602000","infoResTypeDesc":"说明政务信息资源分类方式及其响应的分类信息。","infoResTypeDisable":0,"infoResTypeName":"信息资源分类","resTypeDataRates":[{"rateCompose":"17acf3413ee02000","rateFigure":"17acf398a6e02000","rateName":"类","rateOrder":1},{"rateCompose":"17acf33f12602000","rateFigure":"17acf39a6ce02000","rateName":"项","rateOrder":2},{"rateCompose":"17acf33f12602000","rateFigure":"17acf39a6ce02000","rateName":"目","rateOrder":3},{"rateCompose":"17acf33f12602000","rateFigure":"17acf39a6ce02000","rateName":"细目","rateOrder":4}]}', '17b352c20b802000', 'd4ba227f-593a-4f0a-ae68-2b28986ade16', 'root管理员'),('17bb6d9962e02000', 1632468922464, '17bb6d9962d02000', '{"metadataCode":"17aed2b77d102000","metadataDataType":"17acf35e20902000","metadataDisabled":0,"metadataName":"信息资源分类","metadataType":"17ad358eeb302000","inlayDisabled":1,"metadataDesc":"说明政务信息资源分类方式及其响应的分类信息。","metadataRequired":1,"createTime":1632468922461,"fields":null}', '17b352c20b802000', 'd4ba227f-593a-4f0a-ae68-2b28986ade16', 'root管理员');

INSERT INTO "public"."option_info" ("option_info_code","metadata_code","metadata_field_code","metadata_field_codes","option_info_name","option_info_order") VALUES ('83959cf6cb2463e6', '6', '52c529505d26fa1c', '', '字符型 C', NULL),('b144a6d78db7cad1', '6', '52c529505d26fa1c', '', '数值型 N', NULL),('9bfb7a1c9815470e', '6', '52c529505d26fa1c', '', '货币型 Y', NULL),('e1d92a5a2e3c9329', '6', '52c529505d26fa1c', '', '日期型 D', NULL),('549cfc840c4dd976', '6', '52c529505d26fa1c', '', '日期时间型 T', NULL),('e596658dadfd9064', '6', '52c529505d26fa1c', '', '逻辑型 L', NULL),('3d66389bb8cc83b0', '6', '52c529505d26fa1c', '', '备注型 M', NULL),('37d6ec57ed618a3d', '6', '52c529505d26fa1c', '', '通用型 G', NULL),('045de183f81488b3', '6', '52c529505d26fa1c', '', '双精度型 B', NULL),('ba627e8d5a89d071', '6', '52c529505d26fa1c', '', '整型 I', NULL),('e90a8a114fee22bf', '6', '52c529505d26fa1c', '', '浮点型 F', NULL),('179c9b0b34654cd8', '5', '948b1824d3ab0fa6', '', '实时', NULL),('87297a92178d7671', '5', '948b1824d3ab0fa6', '', '每日', NULL),('2eaaf9dd41900544', '5', '948b1824d3ab0fa6', '', '每周', NULL),('774685a650f23344', '5', '948b1824d3ab0fa6', '', '每月', NULL),('aec6ab7fde13b442', '5', '948b1824d3ab0fa6', '', '每季度', NULL),('651a90922ec8a736', '5', '948b1824d3ab0fa6', '', '每年', NULL),('16276c0b5690f3d6', '4', '358e9c8a97ca5370', '5bcf42a5556b23ab', '是', NULL),('75ec6021383875d8', '4', '358e9c8a97ca5370', '', '否', NULL),('d07d539c211e3c6b', '3', '472ee60cd8be3e2f', '95ed9e0e960d227e,82704a8e11c0e9af', '无条件共享', NULL),('e76a9785363594b4', '3', '472ee60cd8be3e2f', '95ed9e0e960d227e,f769f43de4bc430a,6ce3589959032786,82704a8e11c0e9af', '有条件共享', NULL),('034070dd18ee93bd', '3', '472ee60cd8be3e2f', '3161d52967b5abae', '不予共享', NULL),('caa0abd02728f653', '3', '95ed9e0e960d227e', '', '作为行政依据', NULL),('2541afe371622479', '3', '95ed9e0e960d227e', '', '作为工作参考', NULL),('ce79a819a1f49b46', '3', '95ed9e0e960d227e', '', '用于数据校核', NULL),('2e22033a43e944a1', '3', '95ed9e0e960d227e', '', '用于业务协同', NULL),('15f0194b4d9a4666', '3', '82704a8e11c0e9af', '', '共享平台', NULL),('641f09105135b8df', '3', '82704a8e11c0e9af', '', '邮件', NULL),('ce9b95116a49145e', '3', '82704a8e11c0e9af', '', '拷盘', NULL),('356d252277a56ed5', '3', '82704a8e11c0e9af', '', '介质交换（纸质报表）', NULL),('de4f37dd2175f3ed', '3', '82704a8e11c0e9af', '', '介质交换（电子文档）', NULL);

INSERT INTO "public"."sys_dict" ("dict_code","create_time","dict_name","dict_type_code","dict_value","fixed","sort","update_time") VALUES ('17acf398a6e02000', 1628582896800, '1', '17acf28c85d02000', '1', 0, 0, NULL),('17acf39a6ce02000', 1628582904064, '2', '17acf28c85d02000', '2', 0, 1, NULL),('17acf39bd9602000', 1628582909896, '3', '17acf28c85d02000', '3', 0, 2, NULL),('17acf39d45602000', 1628582915720, '4', '17acf28c85d02000', '4', 0, 3, NULL),('17acf39ee8502000', 1628582922423, '5', '17acf28c85d02000', '5', 0, 4, NULL),('17acf31df8102000', 1628582394291, '1', '17acf28804e02000', '1级', 0, 0, NULL),('17acf31f44102000', 1628582399603, '2', '17acf28804e02000', '2级', 0, 1, NULL),('17acf32060e02000', 1628582404160, '3', '17acf28804e02000', '3级', 0, 2, NULL),('17acf32156602000', 1628582408088, '4', '17acf28804e02000', '4级', 0, 3, NULL),('17acf322a6602000', 1628582413464, '5', '17acf28804e02000', '5级', 0, 4, NULL),('17acf32e2a202000', 1628582460628, '6', '17acf28804e02000', '6级', 0, 5, NULL),('17acf32f4b202000', 1628582465252, '7', '17acf28804e02000', '7级', 0, 6, NULL),('17acf33043f02000', 1628582469233, '8', '17acf28804e02000', '8级', 0, 7, NULL),('17acf33120f02000', 1628582472769, '9', '17acf28804e02000', '9级', 0, 8, NULL),('17acf3861e202000', 1628582820884, 'create', '17acf29768602000', '创建', 0, 0, NULL),('17acf387f6e02000', 1628582828448, 'update', '17acf29768602000', '更新', 0, 1, NULL),('17acf38a3c002000', 1628582837746, 'del', '17acf29768602000', '删除', 0, 2, NULL),('17ad3589f3402000', 1628582274848, 'update', '17acf2c0d7202000', '更新周期', 0, 5, NULL),('17ad358eeb302000', 1628582228697, 'type', '17acf2c0d7202000', '信息资源分类', 0, 1, NULL),('17ad358f0eb02000', 1628582254316, 'share', '17acf2c0d7202000', '共享属性', 0, 3, NULL),('17ad358f31202000', 1628582213451, 'name', '17acf2c0d7202000', '信息资源名称', 0, 0, NULL),('17ad358f4d802000', 1628582285770, 'information', '17acf2c0d7202000', '信息项信息', 0, 6, NULL),('17ad358f6b902000', 1628582264201, 'dispark', '17acf2c0d7202000', '开放属性', 0, 4, NULL),('17ad358f87f02000', 1628582242773, 'description', '17acf2c0d7202000', '信息资源摘要', 0, 2, NULL),('17ad358fa3a02000', 1628582298123, 'custom', '17acf2c0d7202000', '自定义元数据', 0, 7, NULL),('17acf372c6102000', 1628582741651, 'dselect', '17acf290cdd02000', '多项选择', 0, 3, NULL),('17acf37138702000', 1628582735289, 'sselect', '17acf290cdd02000', '单项选择', 0, 2, NULL),('17acf36e61e02000', 1628582723664, 'textarea', '17acf290cdd02000', '多行文本', 0, 1, NULL),('17acf36c73202000', 1628582715748, 'input', '17acf290cdd02000', '单行文本', 0, 0, NULL),('17acf3607a202000', 1628582666708, 'fields', '17acf28f1e102000', '多字段', 0, 5, NULL),('17acf35e20902000', 1628582657083, 'levels', '17acf28f1e102000', '多级选择', 0, 4, NULL),('17acf35a45d02000', 1628582641295, 'dselect', '17acf28f1e102000', '多项选择', 0, 3, NULL),('17acf358a2202000', 1628582634580, 'sselect', '17acf28f1e102000', '单项选择', 0, 2, NULL),('17acf35478d02000', 1628582617535, 'textarea', '17acf28f1e102000', '多行文本', 0, 1, NULL),('17acf352c7d02000', 1628582610607, 'input', '17acf28f1e102000', '单行文本', 0, 0, NULL),('17acf34440902000', 1628582551099, '123ABC', '17acf2899e902000', '数字+字母', 0, 2, NULL),('17acf3413ee02000', 1628582538784, 'ABC', '17acf2899e902000', '纯字母', 0, 1, NULL),('17acf33f12602000', 1628582529880, '123', '17acf2899e902000', '纯数字', 0, 0, NULL),('17acf22cc0c02000', 1628581406270, 'ClassificationCodeManagement', '17acf21412402000', '分类码管理字段', 0, 0, 1629355343529),('17ad9ac245702000', 1628758179465, '元数据是否发布（0未发布，1已经发布）', '17ad9ab0f2002000', '0', 1, 0, 1630304014658);

INSERT INTO "public"."sys_dict_type" ("dict_type_code","create_time","dict_type_name","sort","update_time") VALUES ('17acf21412402000', 1628581305174, '分类码管理', 0, NULL),('17acf28804e02000', 1628581780096, '信息资源分类--多级别', 3, NULL),('17acf2899e902000', 1628581786651, '信息资源分类--分类码组成', 4, NULL),('17acf28c85d02000', 1628581798543, '信息资源分类--分类码位数', 5, NULL),('17acf28f1e102000', 1628581809171, '元数据类型', 6, 1628581879192),('17acf290cdd02000', 1628581816079, '字段类型', 7, 1628581899397),('17acf29768602000', 1628581843128, '操作日志--操作类型', 8, NULL),('17acf2c0d7202000', 1628582012836, '编目下所含元数据', 1, NULL),('17ad9ab0f2002000', 1628758108498, '元数据是否发布', 9, NULL);
